{
  "vit_only": {
    "test_mse": 0.006037971004843712,
    "test_r": 0.6944284439086914
  },
  "vit_emotion": {
    "test_mse": 0.005886897444725037,
    "test_r": 0.7035335302352905
  },
  "emotion_weights": {
    "happiness": 0.2389196753501892,
    "sadness": 0.2350725382566452,
    "fear": 0.23903952538967133,
    "anger": 0.2368285059928894,
    "disgust": 0.23970352113246918,
    "surprise": 0.2376149594783783
  },
  "emotion_weight_percentiles": {
    "happiness": 99.2248062015504,
    "sadness": 98.83720930232558,
    "fear": 99.35400516795866,
    "anger": 98.96640826873386,
    "disgust": 99.48320413436691,
    "surprise": 99.09560723514211
  }
}